<changelog><commit>
					<time>1495277110</time>
					<sha1>42048b9818d0d086f2b4ad4469fbc191aa2012d3</sha1>
					<author>kuisza</author>
					<branches>refs/heads/master</branches>
					<msg>missing Javadoc comment for method TrianglePictureFilter added</msg>
				</commit><commit>
					<time>1495277018</time>
					<sha1>1cb89304d8c2f1c1c0314156289ac0f53c71bef7</sha1>
					<author>kuisza</author>
					<branches>refs/heads/master</branches>
					<msg>missing javadoc comment to class TrianglePicture</msg>
				</commit><commit>
					<time>1495276355</time>
					<sha1>bcae5fd7ac79a7c74b1ea933b7f06585eae1c281</sha1>
					<author>kuisza</author>
					<branches>refs/heads/master</branches>
					<msg>Geometrify added</msg>
				</commit><commit>
					<time>1495007974</time>
					<sha1>70005b044aab5549f12ff6dc77035273e0edc2fa</sha1>
					<author>kuisza</author>
					<branches>refs/heads/master</branches>
					<msg>lastenheft added</msg>
				</commit><commit>
					<time>1493766869</time>
					<sha1>29827b3c61f2109ac17dc63ea73bd84cf62ba477</sha1>
					<author>kuisza</author>
					<branches>refs/heads/master</branches>
					<msg>last changes</msg>
				</commit><commit>
					<time>1493671682</time>
					<sha1>a1e87eae59a9c5f23445e15689496ea21254a669</sha1>
					<author>kuisza</author>
					<branches>refs/heads/master,refs/heads/RotateImageTest</branches>
					<msg>I added a Javadoc comment in line 69</msg>
				</commit><commit>
					<time>1493671283</time>
					<sha1>8b845ed9ab59c3571bec6e59d617bedfdec52c0d</sha1>
					<author>kuisza</author>
					<branches>refs/heads/master,refs/heads/RotateImageTest</branches>
					<msg>2nd change: class get declared as final</msg>
				</commit><commit>
					<time>1493671158</time>
					<sha1>ecd69d977b9b3fa4c0b914e2d028ee04e0eb2fc9</sha1>
					<author>kuisza</author>
					<branches>refs/heads/master,refs/heads/RotateImageTest</branches>
					<msg>1st change: add braces to if statement in class Main in line 238</msg>
				</commit><commit>
					<time>1493426205</time>
					<sha1>90ea558cb109f74387ad5615a876ebb2e77bbc21</sha1>
					<author>kuisza</author>
					<branches>refs/heads/master,refs/heads/RotateImageTest</branches>
					<msg>new header</msg>
				</commit></changelog>